Grupos principales de la CNO-11;Sexo;Periodo;Total
Todas las ocupaciones;Ambos sexos;2022;26.948,87
Todas las ocupaciones;Ambos sexos;2021;25.896,82
Todas las ocupaciones;Ambos sexos;2020;25.165,51
Todas las ocupaciones;Ambos sexos;2019;24.395,98
Todas las ocupaciones;Ambos sexos;2018;24.009,12
Todas las ocupaciones;Ambos sexos;2017;23.646,5
Todas las ocupaciones;Ambos sexos;2016;23.156,34
Todas las ocupaciones;Ambos sexos;2015;23.106,3
Todas las ocupaciones;Ambos sexos;2014;22.858,17
Todas las ocupaciones;Ambos sexos;2013;22.697,86
Todas las ocupaciones;Ambos sexos;2012;22.726,44
Todas las ocupaciones;Ambos sexos;2011;22.899,35
Todas las ocupaciones;Ambos sexos;2010;22.790,2
Todas las ocupaciones;Ambos sexos;2009;22.511,47
Todas las ocupaciones;Ambos sexos;2008;21.883,42
Todas las ocupaciones;Mujeres;2022;24.359,82
Todas las ocupaciones;Mujeres;2021;23.175,95
Todas las ocupaciones;Mujeres;2020;22.467,48
Todas las ocupaciones;Mujeres;2019;21.682,02
Todas las ocupaciones;Mujeres;2018;21.011,89
Todas las ocupaciones;Mujeres;2017;20.607,85
Todas las ocupaciones;Mujeres;2016;20.131,41
Todas las ocupaciones;Mujeres;2015;20.051,58
Todas las ocupaciones;Mujeres;2014;19.744,82
Todas las ocupaciones;Mujeres;2013;19.514,58
Todas las ocupaciones;Mujeres;2012;19.537,33
Todas las ocupaciones;Mujeres;2011;19.767,59
Todas las ocupaciones;Mujeres;2010;19.735,22
Todas las ocupaciones;Mujeres;2009;19.502,02
Todas las ocupaciones;Mujeres;2008;18.910,62
Todas las ocupaciones;Hombres;2022;29.381,84
Todas las ocupaciones;Hombres;2021;28.388,69
Todas las ocupaciones;Hombres;2020;27.642,52
Todas las ocupaciones;Hombres;2019;26.934,38
Todas las ocupaciones;Hombres;2018;26.738,19
Todas las ocupaciones;Hombres;2017;26.391,84
Todas las ocupaciones;Hombres;2016;25.924,43
Todas las ocupaciones;Hombres;2015;25.992,76
Todas las ocupaciones;Hombres;2014;25.727,24
Todas las ocupaciones;Hombres;2013;25.675,17
Todas las ocupaciones;Hombres;2012;25.682,05
Todas las ocupaciones;Hombres;2011;25.667,89
Todas las ocupaciones;Hombres;2010;25.479,74
Todas las ocupaciones;Hombres;2009;25.001,05
Todas las ocupaciones;Hombres;2008;24.203,33
A Directores y gerentes;Ambos sexos;2022;59.478,63
A Directores y gerentes;Ambos sexos;2021;59.219,83
A Directores y gerentes;Ambos sexos;2020;58.023,75
A Directores y gerentes;Ambos sexos;2019;56.634,74
A Directores y gerentes;Ambos sexos;2018;54.341,32
A Directores y gerentes;Ambos sexos;2017;51.010,54
A Directores y gerentes;Ambos sexos;2016;50.530,8
A Directores y gerentes;Ambos sexos;2015;51.645,86
A Directores y gerentes;Ambos sexos;2014;52.512,99
A Directores y gerentes;Ambos sexos;2013;51.594,26
A Directores y gerentes;Ambos sexos;2012;53.165,69
A Directores y gerentes;Ambos sexos;2011;54.396,44
A Directores y gerentes;Ambos sexos;2010;56.602,81
A Directores y gerentes;Ambos sexos;2009;58.895,19
A Directores y gerentes;Ambos sexos;2008;57.259,16
A Directores y gerentes;Mujeres;2022;53.368,32
A Directores y gerentes;Mujeres;2021;51.456,82
A Directores y gerentes;Mujeres;2020;50.788,17
A Directores y gerentes;Mujeres;2019;48.667,65
A Directores y gerentes;Mujeres;2018;46.657,12
A Directores y gerentes;Mujeres;2017;42.901,26
A Directores y gerentes;Mujeres;2016;43.718,01
A Directores y gerentes;Mujeres;2015;44.921,93
A Directores y gerentes;Mujeres;2014;45.540,99
A Directores y gerentes;Mujeres;2013;45.033,41
A Directores y gerentes;Mujeres;2012;47.131,4
A Directores y gerentes;Mujeres;2011;47.807,16
A Directores y gerentes;Mujeres;2010;48.552,77
A Directores y gerentes;Mujeres;2009;47.714,85
A Directores y gerentes;Mujeres;2008;46.842,64
A Directores y gerentes;Hombres;2022;62.991,86
A Directores y gerentes;Hombres;2021;63.703,19
A Directores y gerentes;Hombres;2020;61.698,18
A Directores y gerentes;Hombres;2019;60.780,76
A Directores y gerentes;Hombres;2018;58.850,23
A Directores y gerentes;Hombres;2017;55.477,96
A Directores y gerentes;Hombres;2016;54.142,69
A Directores y gerentes;Hombres;2015;55.327,33
A Directores y gerentes;Hombres;2014;56.422,49
A Directores y gerentes;Hombres;2013;55.090
A Directores y gerentes;Hombres;2012;56.164,73
A Directores y gerentes;Hombres;2011;57.323,26
A Directores y gerentes;Hombres;2010;60.352,41
A Directores y gerentes;Hombres;2009;62.696,93
A Directores y gerentes;Hombres;2008;61.997,66
B Técnicos y profesionales científicos e intelectuales de la salud y la enseñanza;Ambos sexos;2022;37.456,34
B Técnicos y profesionales científicos e intelectuales de la salud y la enseñanza;Ambos sexos;2021;36.101,1
B Técnicos y profesionales científicos e intelectuales de la salud y la enseñanza;Ambos sexos;2020;34.809,61
B Técnicos y profesionales científicos e intelectuales de la salud y la enseñanza;Ambos sexos;2019;33.199,26
B Técnicos y profesionales científicos e intelectuales de la salud y la enseñanza;Ambos sexos;2018;31.607,73
B Técnicos y profesionales científicos e intelectuales de la salud y la enseñanza;Ambos sexos;2017;31.627,9
B Técnicos y profesionales científicos e intelectuales de la salud y la enseñanza;Ambos sexos;2016;30.653,34
B Técnicos y profesionales científicos e intelectuales de la salud y la enseñanza;Ambos sexos;2015;29.669,62
B Técnicos y profesionales científicos e intelectuales de la salud y la enseñanza;Ambos sexos;2014;28.838,91
B Técnicos y profesionales científicos e intelectuales de la salud y la enseñanza;Ambos sexos;2013;29.807,74
B Técnicos y profesionales científicos e intelectuales de la salud y la enseñanza;Ambos sexos;2012;29.460,87
B Técnicos y profesionales científicos e intelectuales de la salud y la enseñanza;Ambos sexos;2011;30.087,55
B Técnicos y profesionales científicos e intelectuales de la salud y la enseñanza;Ambos sexos;2010;31.054,93
B Técnicos y profesionales científicos e intelectuales de la salud y la enseñanza;Ambos sexos;2009;30.536,16
B Técnicos y profesionales científicos e intelectuales de la salud y la enseñanza;Ambos sexos;2008;29.319,57
B Técnicos y profesionales científicos e intelectuales de la salud y la enseñanza;Mujeres;2022;36.240,4
B Técnicos y profesionales científicos e intelectuales de la salud y la enseñanza;Mujeres;2021;34.605,37
B Técnicos y profesionales científicos e intelectuales de la salud y la enseñanza;Mujeres;2020;33.447,03
B Técnicos y profesionales científicos e intelectuales de la salud y la enseñanza;Mujeres;2019;32.136,34
B Técnicos y profesionales científicos e intelectuales de la salud y la enseñanza;Mujeres;2018;30.723,97
B Técnicos y profesionales científicos e intelectuales de la salud y la enseñanza;Mujeres;2017;30.166,12
B Técnicos y profesionales científicos e intelectuales de la salud y la enseñanza;Mujeres;2016;29.084,27
B Técnicos y profesionales científicos e intelectuales de la salud y la enseñanza;Mujeres;2015;28.540,05
B Técnicos y profesionales científicos e intelectuales de la salud y la enseñanza;Mujeres;2014;27.562,6
B Técnicos y profesionales científicos e intelectuales de la salud y la enseñanza;Mujeres;2013;28.335,41
B Técnicos y profesionales científicos e intelectuales de la salud y la enseñanza;Mujeres;2012;27.907,45
B Técnicos y profesionales científicos e intelectuales de la salud y la enseñanza;Mujeres;2011;28.740,62
B Técnicos y profesionales científicos e intelectuales de la salud y la enseñanza;Mujeres;2010;29.540,43
B Técnicos y profesionales científicos e intelectuales de la salud y la enseñanza;Mujeres;2009;29.840,96
B Técnicos y profesionales científicos e intelectuales de la salud y la enseñanza;Mujeres;2008;28.756,91
B Técnicos y profesionales científicos e intelectuales de la salud y la enseñanza;Hombres;2022;40.183,85
B Técnicos y profesionales científicos e intelectuales de la salud y la enseñanza;Hombres;2021;39.270,32
B Técnicos y profesionales científicos e intelectuales de la salud y la enseñanza;Hombres;2020;37.664,38
B Técnicos y profesionales científicos e intelectuales de la salud y la enseñanza;Hombres;2019;35.488,04
B Técnicos y profesionales científicos e intelectuales de la salud y la enseñanza;Hombres;2018;33.434,02
B Técnicos y profesionales científicos e intelectuales de la salud y la enseñanza;Hombres;2017;34.790,05
B Técnicos y profesionales científicos e intelectuales de la salud y la enseñanza;Hombres;2016;34.293,42
B Técnicos y profesionales científicos e intelectuales de la salud y la enseñanza;Hombres;2015;32.451,97
B Técnicos y profesionales científicos e intelectuales de la salud y la enseñanza;Hombres;2014;31.817,56
B Técnicos y profesionales científicos e intelectuales de la salud y la enseñanza;Hombres;2013;33.251,72
B Técnicos y profesionales científicos e intelectuales de la salud y la enseñanza;Hombres;2012;33.056,44
B Técnicos y profesionales científicos e intelectuales de la salud y la enseñanza;Hombres;2011;33.148,85
B Técnicos y profesionales científicos e intelectuales de la salud y la enseñanza;Hombres;2010;34.476,97
B Técnicos y profesionales científicos e intelectuales de la salud y la enseñanza;Hombres;2009;32.083,1
B Técnicos y profesionales científicos e intelectuales de la salud y la enseñanza;Hombres;2008;30.509,37
C Otros técnicos y profesionales científicos e intelectuales;Ambos sexos;2022;41.382,28
C Otros técnicos y profesionales científicos e intelectuales;Ambos sexos;2021;39.871,28
C Otros técnicos y profesionales científicos e intelectuales;Ambos sexos;2020;38.523,51
C Otros técnicos y profesionales científicos e intelectuales;Ambos sexos;2019;37.244,45
C Otros técnicos y profesionales científicos e intelectuales;Ambos sexos;2018;37.908,75
C Otros técnicos y profesionales científicos e intelectuales;Ambos sexos;2017;36.181,36
C Otros técnicos y profesionales científicos e intelectuales;Ambos sexos;2016;37.049,91
C Otros técnicos y profesionales científicos e intelectuales;Ambos sexos;2015;36.287,87
C Otros técnicos y profesionales científicos e intelectuales;Ambos sexos;2014;37.100,54
C Otros técnicos y profesionales científicos e intelectuales;Ambos sexos;2013;35.885,97
C Otros técnicos y profesionales científicos e intelectuales;Ambos sexos;2012;34.975,77
C Otros técnicos y profesionales científicos e intelectuales;Ambos sexos;2011;34.368,77
C Otros técnicos y profesionales científicos e intelectuales;Ambos sexos;2010;35.196,58
C Otros técnicos y profesionales científicos e intelectuales;Ambos sexos;2009;35.991,91
C Otros técnicos y profesionales científicos e intelectuales;Ambos sexos;2008;34.027,21
C Otros técnicos y profesionales científicos e intelectuales;Mujeres;2022;37.828,59
C Otros técnicos y profesionales científicos e intelectuales;Mujeres;2021;36.511
C Otros técnicos y profesionales científicos e intelectuales;Mujeres;2020;35.104,74
C Otros técnicos y profesionales científicos e intelectuales;Mujeres;2019;33.916,08
C Otros técnicos y profesionales científicos e intelectuales;Mujeres;2018;34.100,87
C Otros técnicos y profesionales científicos e intelectuales;Mujeres;2017;32.746,95
C Otros técnicos y profesionales científicos e intelectuales;Mujeres;2016;33.419,81
C Otros técnicos y profesionales científicos e intelectuales;Mujeres;2015;32.526,81
C Otros técnicos y profesionales científicos e intelectuales;Mujeres;2014;33.028,3
C Otros técnicos y profesionales científicos e intelectuales;Mujeres;2013;31.560,46
C Otros técnicos y profesionales científicos e intelectuales;Mujeres;2012;30.748,71
C Otros técnicos y profesionales científicos e intelectuales;Mujeres;2011;30.040,01
C Otros técnicos y profesionales científicos e intelectuales;Mujeres;2010;31.192,01
C Otros técnicos y profesionales científicos e intelectuales;Mujeres;2009;31.588,13
C Otros técnicos y profesionales científicos e intelectuales;Mujeres;2008;29.454,95
C Otros técnicos y profesionales científicos e intelectuales;Hombres;2022;44.874,37
C Otros técnicos y profesionales científicos e intelectuales;Hombres;2021;43.029,52
C Otros técnicos y profesionales científicos e intelectuales;Hombres;2020;41.735,68
C Otros técnicos y profesionales científicos e intelectuales;Hombres;2019;40.333,67
C Otros técnicos y profesionales científicos e intelectuales;Hombres;2018;41.408,09
C Otros técnicos y profesionales científicos e intelectuales;Hombres;2017;39.229,34
C Otros técnicos y profesionales científicos e intelectuales;Hombres;2016;40.077,02
C Otros técnicos y profesionales científicos e intelectuales;Hombres;2015;39.476,36
C Otros técnicos y profesionales científicos e intelectuales;Hombres;2014;40.643,77
C Otros técnicos y profesionales científicos e intelectuales;Hombres;2013;39.308,59
C Otros técnicos y profesionales científicos e intelectuales;Hombres;2012;38.339,44
C Otros técnicos y profesionales científicos e intelectuales;Hombres;2011;37.771,54
C Otros técnicos y profesionales científicos e intelectuales;Hombres;2010;38.681,55
C Otros técnicos y profesionales científicos e intelectuales;Hombres;2009;39.325,22
C Otros técnicos y profesionales científicos e intelectuales;Hombres;2008;37.495,09
D Técnicos, profesionales de apoyo;Ambos sexos;2022;31.899,95
D Técnicos, profesionales de apoyo;Ambos sexos;2021;31.321,69
D Técnicos, profesionales de apoyo;Ambos sexos;2020;30.067,52
D Técnicos, profesionales de apoyo;Ambos sexos;2019;29.247,01
D Técnicos, profesionales de apoyo;Ambos sexos;2018;29.261,35
D Técnicos, profesionales de apoyo;Ambos sexos;2017;29.238,49
D Técnicos, profesionales de apoyo;Ambos sexos;2016;28.585,99
D Técnicos, profesionales de apoyo;Ambos sexos;2015;28.943,22
D Técnicos, profesionales de apoyo;Ambos sexos;2014;28.232,05
D Técnicos, profesionales de apoyo;Ambos sexos;2013;28.501,99
D Técnicos, profesionales de apoyo;Ambos sexos;2012;28.360,42
D Técnicos, profesionales de apoyo;Ambos sexos;2011;28.176,89
D Técnicos, profesionales de apoyo;Ambos sexos;2010;27.914
D Técnicos, profesionales de apoyo;Ambos sexos;2009;28.684,28
D Técnicos, profesionales de apoyo;Ambos sexos;2008;27.771,52
D Técnicos, profesionales de apoyo;Mujeres;2022;28.515,6
D Técnicos, profesionales de apoyo;Mujeres;2021;27.972,7
D Técnicos, profesionales de apoyo;Mujeres;2020;26.830,62
D Técnicos, profesionales de apoyo;Mujeres;2019;25.950,74
D Técnicos, profesionales de apoyo;Mujeres;2018;25.618,99
D Técnicos, profesionales de apoyo;Mujeres;2017;25.757,88
D Técnicos, profesionales de apoyo;Mujeres;2016;25.160,98
D Técnicos, profesionales de apoyo;Mujeres;2015;25.475,37
D Técnicos, profesionales de apoyo;Mujeres;2014;24.641,22
D Técnicos, profesionales de apoyo;Mujeres;2013;24.960,14
D Técnicos, profesionales de apoyo;Mujeres;2012;24.823,82
D Técnicos, profesionales de apoyo;Mujeres;2011;24.795,63
D Técnicos, profesionales de apoyo;Mujeres;2010;24.353,73
D Técnicos, profesionales de apoyo;Mujeres;2009;24.849,07
D Técnicos, profesionales de apoyo;Mujeres;2008;24.038,34
D Técnicos, profesionales de apoyo;Hombres;2022;34.550,52
D Técnicos, profesionales de apoyo;Hombres;2021;33.849,87
D Técnicos, profesionales de apoyo;Hombres;2020;32.611,21
D Técnicos, profesionales de apoyo;Hombres;2019;31.816,3
D Técnicos, profesionales de apoyo;Hombres;2018;31.979,93
D Técnicos, profesionales de apoyo;Hombres;2017;31.891,63
D Técnicos, profesionales de apoyo;Hombres;2016;31.206,15
D Técnicos, profesionales de apoyo;Hombres;2015;31.548,13
D Técnicos, profesionales de apoyo;Hombres;2014;31.150,02
D Técnicos, profesionales de apoyo;Hombres;2013;31.027,41
D Técnicos, profesionales de apoyo;Hombres;2012;30.878,49
D Técnicos, profesionales de apoyo;Hombres;2011;30.543,06
D Técnicos, profesionales de apoyo;Hombres;2010;30.564,05
D Técnicos, profesionales de apoyo;Hombres;2009;31.650,85
D Técnicos, profesionales de apoyo;Hombres;2008;30.538,81
E Empleados de oficina que no atienden al público;Ambos sexos;2022;27.402,9
E Empleados de oficina que no atienden al público;Ambos sexos;2021;24.680,03
E Empleados de oficina que no atienden al público;Ambos sexos;2020;23.632,89
E Empleados de oficina que no atienden al público;Ambos sexos;2019;22.354,77
E Empleados de oficina que no atienden al público;Ambos sexos;2018;24.266,55
E Empleados de oficina que no atienden al público;Ambos sexos;2017;22.487,64
E Empleados de oficina que no atienden al público;Ambos sexos;2016;21.517,9
E Empleados de oficina que no atienden al público;Ambos sexos;2015;21.331,32
E Empleados de oficina que no atienden al público;Ambos sexos;2014;20.852,87
E Empleados de oficina que no atienden al público;Ambos sexos;2013;20.983,35
E Empleados de oficina que no atienden al público;Ambos sexos;2012;21.228,39
E Empleados de oficina que no atienden al público;Ambos sexos;2011;21.646,35
E Empleados de oficina que no atienden al público;Ambos sexos;2010;21.245,68
E Empleados de oficina que no atienden al público;Ambos sexos;2009;21.312,78
E Empleados de oficina que no atienden al público;Ambos sexos;2008;20.793,7
E Empleados de oficina que no atienden al público;Mujeres;2022;25.646,72
E Empleados de oficina que no atienden al público;Mujeres;2021;23.040,15
E Empleados de oficina que no atienden al público;Mujeres;2020;21.923,21
E Empleados de oficina que no atienden al público;Mujeres;2019;20.584,99
E Empleados de oficina que no atienden al público;Mujeres;2018;22.314,23
E Empleados de oficina que no atienden al público;Mujeres;2017;20.688,48
E Empleados de oficina que no atienden al público;Mujeres;2016;19.628,23
E Empleados de oficina que no atienden al público;Mujeres;2015;19.543,87
E Empleados de oficina que no atienden al público;Mujeres;2014;18.932,55
E Empleados de oficina que no atienden al público;Mujeres;2013;19.251,1
E Empleados de oficina que no atienden al público;Mujeres;2012;19.445,11
E Empleados de oficina que no atienden al público;Mujeres;2011;19.722,67
E Empleados de oficina que no atienden al público;Mujeres;2010;19.193,65
E Empleados de oficina que no atienden al público;Mujeres;2009;19.155,29
E Empleados de oficina que no atienden al público;Mujeres;2008;18.482,72
E Empleados de oficina que no atienden al público;Hombres;2022;30.217,44
E Empleados de oficina que no atienden al público;Hombres;2021;27.394,81
E Empleados de oficina que no atienden al público;Hombres;2020;26.465,12
E Empleados de oficina que no atienden al público;Hombres;2019;25.634,12
E Empleados de oficina que no atienden al público;Hombres;2018;27.420,25
E Empleados de oficina que no atienden al público;Hombres;2017;25.169,41
E Empleados de oficina que no atienden al público;Hombres;2016;24.711,85
E Empleados de oficina que no atienden al público;Hombres;2015;24.467,54
E Empleados de oficina que no atienden al público;Hombres;2014;24.147,61
E Empleados de oficina que no atienden al público;Hombres;2013;23.844,41
E Empleados de oficina que no atienden al público;Hombres;2012;24.132,89
E Empleados de oficina que no atienden al público;Hombres;2011;24.743,77
E Empleados de oficina que no atienden al público;Hombres;2010;24.757,31
E Empleados de oficina que no atienden al público;Hombres;2009;24.509,27
E Empleados de oficina que no atienden al público;Hombres;2008;24.038,82
F Empleados de oficina que atienden al público;Ambos sexos;2022;21.462,56
F Empleados de oficina que atienden al público;Ambos sexos;2021;20.237,83
F Empleados de oficina que atienden al público;Ambos sexos;2020;19.842,16
F Empleados de oficina que atienden al público;Ambos sexos;2019;19.969,91
F Empleados de oficina que atienden al público;Ambos sexos;2018;19.257,04
F Empleados de oficina que atienden al público;Ambos sexos;2017;18.367,51
F Empleados de oficina que atienden al público;Ambos sexos;2016;18.163,65
F Empleados de oficina que atienden al público;Ambos sexos;2015;18.390,82
F Empleados de oficina que atienden al público;Ambos sexos;2014;18.642,82
F Empleados de oficina que atienden al público;Ambos sexos;2013;17.864,17
F Empleados de oficina que atienden al público;Ambos sexos;2012;17.751,84
F Empleados de oficina que atienden al público;Ambos sexos;2011;18.013,83
F Empleados de oficina que atienden al público;Ambos sexos;2010;17.876,82
F Empleados de oficina que atienden al público;Ambos sexos;2009;17.190,06
F Empleados de oficina que atienden al público;Ambos sexos;2008;16.842,67
F Empleados de oficina que atienden al público;Mujeres;2022;20.467,84
F Empleados de oficina que atienden al público;Mujeres;2021;19.247,82
F Empleados de oficina que atienden al público;Mujeres;2020;18.803,91
F Empleados de oficina que atienden al público;Mujeres;2019;18.810,2
F Empleados de oficina que atienden al público;Mujeres;2018;18.137,76
F Empleados de oficina que atienden al público;Mujeres;2017;17.090,99
F Empleados de oficina que atienden al público;Mujeres;2016;16.928,51
F Empleados de oficina que atienden al público;Mujeres;2015;17.171,28
F Empleados de oficina que atienden al público;Mujeres;2014;17.252,39
F Empleados de oficina que atienden al público;Mujeres;2013;16.620,05
F Empleados de oficina que atienden al público;Mujeres;2012;16.573,43
F Empleados de oficina que atienden al público;Mujeres;2011;16.868,46
F Empleados de oficina que atienden al público;Mujeres;2010;16.712,8
F Empleados de oficina que atienden al público;Mujeres;2009;16.042,02
F Empleados de oficina que atienden al público;Mujeres;2008;15.727,65
F Empleados de oficina que atienden al público;Hombres;2022;24.273,47
F Empleados de oficina que atienden al público;Hombres;2021;22.845,68
F Empleados de oficina que atienden al público;Hombres;2020;22.442,04
F Empleados de oficina que atienden al público;Hombres;2019;22.437,5
F Empleados de oficina que atienden al público;Hombres;2018;22.149,69
F Empleados de oficina que atienden al público;Hombres;2017;22.049,89
F Empleados de oficina que atienden al público;Hombres;2016;21.272,65
F Empleados de oficina que atienden al público;Hombres;2015;21.464,84
F Empleados de oficina que atienden al público;Hombres;2014;21.761,91
F Empleados de oficina que atienden al público;Hombres;2013;21.069,99
F Empleados de oficina que atienden al público;Hombres;2012;20.931,48
F Empleados de oficina que atienden al público;Hombres;2011;20.979,41
F Empleados de oficina que atienden al público;Hombres;2010;20.875,05
F Empleados de oficina que atienden al público;Hombres;2009;20.732,89
F Empleados de oficina que atienden al público;Hombres;2008;20.176,5
G Trabajadores de los servicios de restauración y comercio;Ambos sexos;2022;17.168,88
G Trabajadores de los servicios de restauración y comercio;Ambos sexos;2021;16.310,91
G Trabajadores de los servicios de restauración y comercio;Ambos sexos;2020;16.004,18
G Trabajadores de los servicios de restauración y comercio;Ambos sexos;2019;16.142,16
G Trabajadores de los servicios de restauración y comercio;Ambos sexos;2018;15.702,34
G Trabajadores de los servicios de restauración y comercio;Ambos sexos;2017;15.173,65
G Trabajadores de los servicios de restauración y comercio;Ambos sexos;2016;14.617,52
G Trabajadores de los servicios de restauración y comercio;Ambos sexos;2015;14.698,91
G Trabajadores de los servicios de restauración y comercio;Ambos sexos;2014;14.501,66
G Trabajadores de los servicios de restauración y comercio;Ambos sexos;2013;14.642,94
G Trabajadores de los servicios de restauración y comercio;Ambos sexos;2012;14.442,36
G Trabajadores de los servicios de restauración y comercio;Ambos sexos;2011;14.562,06
G Trabajadores de los servicios de restauración y comercio;Ambos sexos;2010;14.740,52
G Trabajadores de los servicios de restauración y comercio;Ambos sexos;2009;14.651,05
G Trabajadores de los servicios de restauración y comercio;Ambos sexos;2008;14.325,12
G Trabajadores de los servicios de restauración y comercio;Mujeres;2022;16.057,61
G Trabajadores de los servicios de restauración y comercio;Mujeres;2021;15.103,95
G Trabajadores de los servicios de restauración y comercio;Mujeres;2020;14.682,47
G Trabajadores de los servicios de restauración y comercio;Mujeres;2019;14.981,95
G Trabajadores de los servicios de restauración y comercio;Mujeres;2018;14.238,51
G Trabajadores de los servicios de restauración y comercio;Mujeres;2017;14.142,93
G Trabajadores de los servicios de restauración y comercio;Mujeres;2016;13.613,26
G Trabajadores de los servicios de restauración y comercio;Mujeres;2015;13.452,44
G Trabajadores de los servicios de restauración y comercio;Mujeres;2014;13.249,91
G Trabajadores de los servicios de restauración y comercio;Mujeres;2013;13.397,52
G Trabajadores de los servicios de restauración y comercio;Mujeres;2012;13.209,83
G Trabajadores de los servicios de restauración y comercio;Mujeres;2011;13.461,54
G Trabajadores de los servicios de restauración y comercio;Mujeres;2010;13.425,04
G Trabajadores de los servicios de restauración y comercio;Mujeres;2009;13.284,42
G Trabajadores de los servicios de restauración y comercio;Mujeres;2008;13.069,64
G Trabajadores de los servicios de restauración y comercio;Hombres;2022;18.930,29
G Trabajadores de los servicios de restauración y comercio;Hombres;2021;18.260,31
G Trabajadores de los servicios de restauración y comercio;Hombres;2020;18.248,13
G Trabajadores de los servicios de restauración y comercio;Hombres;2019;18.154,8
G Trabajadores de los servicios de restauración y comercio;Hombres;2018;17.962,51
G Trabajadores de los servicios de restauración y comercio;Hombres;2017;16.825,86
G Trabajadores de los servicios de restauración y comercio;Hombres;2016;16.260,68
G Trabajadores de los servicios de restauración y comercio;Hombres;2015;16.782,4
G Trabajadores de los servicios de restauración y comercio;Hombres;2014;16.633,36
G Trabajadores de los servicios de restauración y comercio;Hombres;2013;16.761,03
G Trabajadores de los servicios de restauración y comercio;Hombres;2012;16.602,4
G Trabajadores de los servicios de restauración y comercio;Hombres;2011;16.530,45
G Trabajadores de los servicios de restauración y comercio;Hombres;2010;17.107,22
G Trabajadores de los servicios de restauración y comercio;Hombres;2009;17.033,97
G Trabajadores de los servicios de restauración y comercio;Hombres;2008;16.589,59
H Trabajadores de los servicios de salud y el cuidado de personas;Ambos sexos;2022;18.232,24
H Trabajadores de los servicios de salud y el cuidado de personas;Ambos sexos;2021;17.435,22
H Trabajadores de los servicios de salud y el cuidado de personas;Ambos sexos;2020;17.256
H Trabajadores de los servicios de salud y el cuidado de personas;Ambos sexos;2019;16.815,98
H Trabajadores de los servicios de salud y el cuidado de personas;Ambos sexos;2018;15.863,27
H Trabajadores de los servicios de salud y el cuidado de personas;Ambos sexos;2017;15.527,66
H Trabajadores de los servicios de salud y el cuidado de personas;Ambos sexos;2016;15.445,45
H Trabajadores de los servicios de salud y el cuidado de personas;Ambos sexos;2015;15.494,52
H Trabajadores de los servicios de salud y el cuidado de personas;Ambos sexos;2014;14.971,15
H Trabajadores de los servicios de salud y el cuidado de personas;Ambos sexos;2013;15.240,88
H Trabajadores de los servicios de salud y el cuidado de personas;Ambos sexos;2012;15.169,7
H Trabajadores de los servicios de salud y el cuidado de personas;Ambos sexos;2011;15.767,31
H Trabajadores de los servicios de salud y el cuidado de personas;Ambos sexos;2010;15.864,62
H Trabajadores de los servicios de salud y el cuidado de personas;Ambos sexos;2009;15.404,27
H Trabajadores de los servicios de salud y el cuidado de personas;Ambos sexos;2008;15.395,96
H Trabajadores de los servicios de salud y el cuidado de personas;Mujeres;2022;17.155,7
H Trabajadores de los servicios de salud y el cuidado de personas;Mujeres;2021;16.251,63
H Trabajadores de los servicios de salud y el cuidado de personas;Mujeres;2020;15.983,02
H Trabajadores de los servicios de salud y el cuidado de personas;Mujeres;2019;15.418,17
H Trabajadores de los servicios de salud y el cuidado de personas;Mujeres;2018;14.442,64
H Trabajadores de los servicios de salud y el cuidado de personas;Mujeres;2017;14.765,21
H Trabajadores de los servicios de salud y el cuidado de personas;Mujeres;2016;14.558,05
H Trabajadores de los servicios de salud y el cuidado de personas;Mujeres;2015;14.575,41
H Trabajadores de los servicios de salud y el cuidado de personas;Mujeres;2014;13.969,92
H Trabajadores de los servicios de salud y el cuidado de personas;Mujeres;2013;14.444,14
H Trabajadores de los servicios de salud y el cuidado de personas;Mujeres;2012;14.364,7
H Trabajadores de los servicios de salud y el cuidado de personas;Mujeres;2011;14.809,24
H Trabajadores de los servicios de salud y el cuidado de personas;Mujeres;2010;14.909,8
H Trabajadores de los servicios de salud y el cuidado de personas;Mujeres;2009;14.582,77
H Trabajadores de los servicios de salud y el cuidado de personas;Mujeres;2008;14.532,67
H Trabajadores de los servicios de salud y el cuidado de personas;Hombres;2022;21.996,86
H Trabajadores de los servicios de salud y el cuidado de personas;Hombres;2021;21.204,39
H Trabajadores de los servicios de salud y el cuidado de personas;Hombres;2020;21.281,83
H Trabajadores de los servicios de salud y el cuidado de personas;Hombres;2019;21.005,55
H Trabajadores de los servicios de salud y el cuidado de personas;Hombres;2018;20.198,04
H Trabajadores de los servicios de salud y el cuidado de personas;Hombres;2017;18.343,56
H Trabajadores de los servicios de salud y el cuidado de personas;Hombres;2016;18.877,78
H Trabajadores de los servicios de salud y el cuidado de personas;Hombres;2015;19.159,6
H Trabajadores de los servicios de salud y el cuidado de personas;Hombres;2014;18.648,8
H Trabajadores de los servicios de salud y el cuidado de personas;Hombres;2013;18.346
H Trabajadores de los servicios de salud y el cuidado de personas;Hombres;2012;18.263,28
H Trabajadores de los servicios de salud y el cuidado de personas;Hombres;2011;19.249,39
H Trabajadores de los servicios de salud y el cuidado de personas;Hombres;2010;19.121,56
H Trabajadores de los servicios de salud y el cuidado de personas;Hombres;2009;18.551,51
H Trabajadores de los servicios de salud y el cuidado de personas;Hombres;2008;18.477,19
I Trabajadores de los servicios de protección y seguridad;Ambos sexos;2022;31.896,15
I Trabajadores de los servicios de protección y seguridad;Ambos sexos;2021;32.985,38
I Trabajadores de los servicios de protección y seguridad;Ambos sexos;2020;30.904,89
I Trabajadores de los servicios de protección y seguridad;Ambos sexos;2019;28.785,25
I Trabajadores de los servicios de protección y seguridad;Ambos sexos;2018;28.467,92
I Trabajadores de los servicios de protección y seguridad;Ambos sexos;2017;28.228,42
I Trabajadores de los servicios de protección y seguridad;Ambos sexos;2016;28.018,41
I Trabajadores de los servicios de protección y seguridad;Ambos sexos;2015;27.421,15
I Trabajadores de los servicios de protección y seguridad;Ambos sexos;2014;25.727,47
I Trabajadores de los servicios de protección y seguridad;Ambos sexos;2013;25.711,4
I Trabajadores de los servicios de protección y seguridad;Ambos sexos;2012;25.603,83
I Trabajadores de los servicios de protección y seguridad;Ambos sexos;2011;26.474,05
I Trabajadores de los servicios de protección y seguridad;Ambos sexos;2010;26.409,57
I Trabajadores de los servicios de protección y seguridad;Ambos sexos;2009;26.437,94
I Trabajadores de los servicios de protección y seguridad;Ambos sexos;2008;25.881,53
I Trabajadores de los servicios de protección y seguridad;Mujeres;2022;26.809,79
I Trabajadores de los servicios de protección y seguridad;Mujeres;2021;28.314,54
I Trabajadores de los servicios de protección y seguridad;Mujeres;2020;27.807,97
I Trabajadores de los servicios de protección y seguridad;Mujeres;2019;26.187,39
I Trabajadores de los servicios de protección y seguridad;Mujeres;2018;24.941,45
I Trabajadores de los servicios de protección y seguridad;Mujeres;2017;24.439,82
I Trabajadores de los servicios de protección y seguridad;Mujeres;2016;24.404,2
I Trabajadores de los servicios de protección y seguridad;Mujeres;2015;21.508,21
I Trabajadores de los servicios de protección y seguridad;Mujeres;2014;21.576,41
I Trabajadores de los servicios de protección y seguridad;Mujeres;2013;21.039,88
I Trabajadores de los servicios de protección y seguridad;Mujeres;2012;22.011,92
I Trabajadores de los servicios de protección y seguridad;Mujeres;2011;22.650,02
I Trabajadores de los servicios de protección y seguridad;Mujeres;2010;21.815,7
I Trabajadores de los servicios de protección y seguridad;Mujeres;2009;21.867
I Trabajadores de los servicios de protección y seguridad;Mujeres;2008;21.435,33
I Trabajadores de los servicios de protección y seguridad;Hombres;2022;32.779,4
I Trabajadores de los servicios de protección y seguridad;Hombres;2021;33.695,67
I Trabajadores de los servicios de protección y seguridad;Hombres;2020;31.425,49
I Trabajadores de los servicios de protección y seguridad;Hombres;2019;29.339,08
I Trabajadores de los servicios de protección y seguridad;Hombres;2018;29.087,46
I Trabajadores de los servicios de protección y seguridad;Hombres;2017;28.802,95
I Trabajadores de los servicios de protección y seguridad;Hombres;2016;28.589,6
I Trabajadores de los servicios de protección y seguridad;Hombres;2015;28.369,04
I Trabajadores de los servicios de protección y seguridad;Hombres;2014;26.347,82
I Trabajadores de los servicios de protección y seguridad;Hombres;2013;26.483,76
I Trabajadores de los servicios de protección y seguridad;Hombres;2012;26.204,87
I Trabajadores de los servicios de protección y seguridad;Hombres;2011;27.115,38
I Trabajadores de los servicios de protección y seguridad;Hombres;2010;27.142,1
I Trabajadores de los servicios de protección y seguridad;Hombres;2009;27.283,79
I Trabajadores de los servicios de protección y seguridad;Hombres;2008;26.671,82
J Trabajadores cualificados en el sector agrícola, ganadero, forestal y pesquero;Ambos sexos;2022;21.383,06
J Trabajadores cualificados en el sector agrícola, ganadero, forestal y pesquero;Ambos sexos;2021;22.859,73
J Trabajadores cualificados en el sector agrícola, ganadero, forestal y pesquero;Ambos sexos;2020;22.440,93
J Trabajadores cualificados en el sector agrícola, ganadero, forestal y pesquero;Ambos sexos;2019;21.232,11
J Trabajadores cualificados en el sector agrícola, ganadero, forestal y pesquero;Ambos sexos;2018;19.690,87
J Trabajadores cualificados en el sector agrícola, ganadero, forestal y pesquero;Ambos sexos;2017;19.783,93
J Trabajadores cualificados en el sector agrícola, ganadero, forestal y pesquero;Ambos sexos;2016;18.773,13
J Trabajadores cualificados en el sector agrícola, ganadero, forestal y pesquero;Ambos sexos;2015;18.600,98
J Trabajadores cualificados en el sector agrícola, ganadero, forestal y pesquero;Ambos sexos;2014;18.273,16
J Trabajadores cualificados en el sector agrícola, ganadero, forestal y pesquero;Ambos sexos;2013;18.217,14
J Trabajadores cualificados en el sector agrícola, ganadero, forestal y pesquero;Ambos sexos;2012;17.528,06
J Trabajadores cualificados en el sector agrícola, ganadero, forestal y pesquero;Ambos sexos;2011;17.935,07
J Trabajadores cualificados en el sector agrícola, ganadero, forestal y pesquero;Ambos sexos;2010;17.752,13
J Trabajadores cualificados en el sector agrícola, ganadero, forestal y pesquero;Ambos sexos;2009;19.371,77
J Trabajadores cualificados en el sector agrícola, ganadero, forestal y pesquero;Ambos sexos;2008;18.032,22
J Trabajadores cualificados en el sector agrícola, ganadero, forestal y pesquero;Mujeres;2022;..
J Trabajadores cualificados en el sector agrícola, ganadero, forestal y pesquero;Mujeres;2021;-24.028,06
J Trabajadores cualificados en el sector agrícola, ganadero, forestal y pesquero;Mujeres;2020;-23.070,72
J Trabajadores cualificados en el sector agrícola, ganadero, forestal y pesquero;Mujeres;2019;-16.531,69
J Trabajadores cualificados en el sector agrícola, ganadero, forestal y pesquero;Mujeres;2018;..
J Trabajadores cualificados en el sector agrícola, ganadero, forestal y pesquero;Mujeres;2017;..
J Trabajadores cualificados en el sector agrícola, ganadero, forestal y pesquero;Mujeres;2016;..
J Trabajadores cualificados en el sector agrícola, ganadero, forestal y pesquero;Mujeres;2015;..
J Trabajadores cualificados en el sector agrícola, ganadero, forestal y pesquero;Mujeres;2014;..
J Trabajadores cualificados en el sector agrícola, ganadero, forestal y pesquero;Mujeres;2013;..
J Trabajadores cualificados en el sector agrícola, ganadero, forestal y pesquero;Mujeres;2012;..
J Trabajadores cualificados en el sector agrícola, ganadero, forestal y pesquero;Mujeres;2011;-16.288,32
J Trabajadores cualificados en el sector agrícola, ganadero, forestal y pesquero;Mujeres;2010;..
J Trabajadores cualificados en el sector agrícola, ganadero, forestal y pesquero;Mujeres;2009;..
J Trabajadores cualificados en el sector agrícola, ganadero, forestal y pesquero;Mujeres;2008;-18.454,83
J Trabajadores cualificados en el sector agrícola, ganadero, forestal y pesquero;Hombres;2022;21.715,91
J Trabajadores cualificados en el sector agrícola, ganadero, forestal y pesquero;Hombres;2021;22.708,61
J Trabajadores cualificados en el sector agrícola, ganadero, forestal y pesquero;Hombres;2020;22.334,74
J Trabajadores cualificados en el sector agrícola, ganadero, forestal y pesquero;Hombres;2019;22.112,47
J Trabajadores cualificados en el sector agrícola, ganadero, forestal y pesquero;Hombres;2018;19.899,19
J Trabajadores cualificados en el sector agrícola, ganadero, forestal y pesquero;Hombres;2017;-19.743,03
J Trabajadores cualificados en el sector agrícola, ganadero, forestal y pesquero;Hombres;2016;18.996,56
J Trabajadores cualificados en el sector agrícola, ganadero, forestal y pesquero;Hombres;2015;18.787,55
J Trabajadores cualificados en el sector agrícola, ganadero, forestal y pesquero;Hombres;2014;18.340,9
J Trabajadores cualificados en el sector agrícola, ganadero, forestal y pesquero;Hombres;2013;18.220,65
J Trabajadores cualificados en el sector agrícola, ganadero, forestal y pesquero;Hombres;2012;17.671,99
J Trabajadores cualificados en el sector agrícola, ganadero, forestal y pesquero;Hombres;2011;18.281,62
J Trabajadores cualificados en el sector agrícola, ganadero, forestal y pesquero;Hombres;2010;17.947,78
J Trabajadores cualificados en el sector agrícola, ganadero, forestal y pesquero;Hombres;2009;19.607,04
J Trabajadores cualificados en el sector agrícola, ganadero, forestal y pesquero;Hombres;2008;17.986,57
K Trabajadores cualificados de la construcción, excepto operadores de máquinas;Ambos sexos;2022;22.273,76
K Trabajadores cualificados de la construcción, excepto operadores de máquinas;Ambos sexos;2021;21.909,39
K Trabajadores cualificados de la construcción, excepto operadores de máquinas;Ambos sexos;2020;21.105,93
K Trabajadores cualificados de la construcción, excepto operadores de máquinas;Ambos sexos;2019;20.827,39
K Trabajadores cualificados de la construcción, excepto operadores de máquinas;Ambos sexos;2018;20.796,74
K Trabajadores cualificados de la construcción, excepto operadores de máquinas;Ambos sexos;2017;20.123,84
K Trabajadores cualificados de la construcción, excepto operadores de máquinas;Ambos sexos;2016;20.061,31
K Trabajadores cualificados de la construcción, excepto operadores de máquinas;Ambos sexos;2015;20.114,27
K Trabajadores cualificados de la construcción, excepto operadores de máquinas;Ambos sexos;2014;19.347,85
K Trabajadores cualificados de la construcción, excepto operadores de máquinas;Ambos sexos;2013;19.463,18
K Trabajadores cualificados de la construcción, excepto operadores de máquinas;Ambos sexos;2012;19.525,05
K Trabajadores cualificados de la construcción, excepto operadores de máquinas;Ambos sexos;2011;19.253,58
K Trabajadores cualificados de la construcción, excepto operadores de máquinas;Ambos sexos;2010;19.216,16
K Trabajadores cualificados de la construcción, excepto operadores de máquinas;Ambos sexos;2009;19.127,85
K Trabajadores cualificados de la construcción, excepto operadores de máquinas;Ambos sexos;2008;18.857,14
K Trabajadores cualificados de la construcción, excepto operadores de máquinas;Mujeres;2022;-19.314,99
K Trabajadores cualificados de la construcción, excepto operadores de máquinas;Mujeres;2021;-19.341,07
K Trabajadores cualificados de la construcción, excepto operadores de máquinas;Mujeres;2020;-17.660,01
K Trabajadores cualificados de la construcción, excepto operadores de máquinas;Mujeres;2019;-17.392,78
K Trabajadores cualificados de la construcción, excepto operadores de máquinas;Mujeres;2018;-17.085,4
K Trabajadores cualificados de la construcción, excepto operadores de máquinas;Mujeres;2017;-14.939,05
K Trabajadores cualificados de la construcción, excepto operadores de máquinas;Mujeres;2016;-16.069,47
K Trabajadores cualificados de la construcción, excepto operadores de máquinas;Mujeres;2015;-18.580,45
K Trabajadores cualificados de la construcción, excepto operadores de máquinas;Mujeres;2014;-18.139,66
K Trabajadores cualificados de la construcción, excepto operadores de máquinas;Mujeres;2013;-18.504,22
K Trabajadores cualificados de la construcción, excepto operadores de máquinas;Mujeres;2012;-18.697,33
K Trabajadores cualificados de la construcción, excepto operadores de máquinas;Mujeres;2011;-18.566,01
K Trabajadores cualificados de la construcción, excepto operadores de máquinas;Mujeres;2010;-18.179,18
K Trabajadores cualificados de la construcción, excepto operadores de máquinas;Mujeres;2009;16.762,98
K Trabajadores cualificados de la construcción, excepto operadores de máquinas;Mujeres;2008;16.501,11
K Trabajadores cualificados de la construcción, excepto operadores de máquinas;Hombres;2022;22.348
K Trabajadores cualificados de la construcción, excepto operadores de máquinas;Hombres;2021;22.000,05
K Trabajadores cualificados de la construcción, excepto operadores de máquinas;Hombres;2020;21.265,56
K Trabajadores cualificados de la construcción, excepto operadores de máquinas;Hombres;2019;21.070,11
K Trabajadores cualificados de la construcción, excepto operadores de máquinas;Hombres;2018;20.928,83
K Trabajadores cualificados de la construcción, excepto operadores de máquinas;Hombres;2017;20.303,27
K Trabajadores cualificados de la construcción, excepto operadores de máquinas;Hombres;2016;20.191,67
K Trabajadores cualificados de la construcción, excepto operadores de máquinas;Hombres;2015;20.150,02
K Trabajadores cualificados de la construcción, excepto operadores de máquinas;Hombres;2014;19.368,99
K Trabajadores cualificados de la construcción, excepto operadores de máquinas;Hombres;2013;19.504,4
K Trabajadores cualificados de la construcción, excepto operadores de máquinas;Hombres;2012;19.552,01
K Trabajadores cualificados de la construcción, excepto operadores de máquinas;Hombres;2011;19.276,93
K Trabajadores cualificados de la construcción, excepto operadores de máquinas;Hombres;2010;19.241,73
K Trabajadores cualificados de la construcción, excepto operadores de máquinas;Hombres;2009;19.181,91
K Trabajadores cualificados de la construcción, excepto operadores de máquinas;Hombres;2008;18.918,41
L Trabajadores cualificados de las industrias manufactureras, excepto operadores de instalaciones y máquinas;Ambos sexos;2022;25.304,77
L Trabajadores cualificados de las industrias manufactureras, excepto operadores de instalaciones y máquinas;Ambos sexos;2021;23.797,17
L Trabajadores cualificados de las industrias manufactureras, excepto operadores de instalaciones y máquinas;Ambos sexos;2020;23.119,86
L Trabajadores cualificados de las industrias manufactureras, excepto operadores de instalaciones y máquinas;Ambos sexos;2019;23.169,95
L Trabajadores cualificados de las industrias manufactureras, excepto operadores de instalaciones y máquinas;Ambos sexos;2018;23.479,29
L Trabajadores cualificados de las industrias manufactureras, excepto operadores de instalaciones y máquinas;Ambos sexos;2017;23.474,69
L Trabajadores cualificados de las industrias manufactureras, excepto operadores de instalaciones y máquinas;Ambos sexos;2016;22.664,36
L Trabajadores cualificados de las industrias manufactureras, excepto operadores de instalaciones y máquinas;Ambos sexos;2015;22.384,48
L Trabajadores cualificados de las industrias manufactureras, excepto operadores de instalaciones y máquinas;Ambos sexos;2014;22.539,5
L Trabajadores cualificados de las industrias manufactureras, excepto operadores de instalaciones y máquinas;Ambos sexos;2013;21.789,75
L Trabajadores cualificados de las industrias manufactureras, excepto operadores de instalaciones y máquinas;Ambos sexos;2012;21.798,65
L Trabajadores cualificados de las industrias manufactureras, excepto operadores de instalaciones y máquinas;Ambos sexos;2011;22.029,94
L Trabajadores cualificados de las industrias manufactureras, excepto operadores de instalaciones y máquinas;Ambos sexos;2010;22.034,75
L Trabajadores cualificados de las industrias manufactureras, excepto operadores de instalaciones y máquinas;Ambos sexos;2009;20.998,27
L Trabajadores cualificados de las industrias manufactureras, excepto operadores de instalaciones y máquinas;Ambos sexos;2008;21.027,99
L Trabajadores cualificados de las industrias manufactureras, excepto operadores de instalaciones y máquinas;Mujeres;2022;19.772,34
L Trabajadores cualificados de las industrias manufactureras, excepto operadores de instalaciones y máquinas;Mujeres;2021;18.223,34
L Trabajadores cualificados de las industrias manufactureras, excepto operadores de instalaciones y máquinas;Mujeres;2020;17.894,7
L Trabajadores cualificados de las industrias manufactureras, excepto operadores de instalaciones y máquinas;Mujeres;2019;17.573,21
L Trabajadores cualificados de las industrias manufactureras, excepto operadores de instalaciones y máquinas;Mujeres;2018;17.509,61
L Trabajadores cualificados de las industrias manufactureras, excepto operadores de instalaciones y máquinas;Mujeres;2017;17.247,66
L Trabajadores cualificados de las industrias manufactureras, excepto operadores de instalaciones y máquinas;Mujeres;2016;16.611,88
L Trabajadores cualificados de las industrias manufactureras, excepto operadores de instalaciones y máquinas;Mujeres;2015;16.675
L Trabajadores cualificados de las industrias manufactureras, excepto operadores de instalaciones y máquinas;Mujeres;2014;16.488,9
L Trabajadores cualificados de las industrias manufactureras, excepto operadores de instalaciones y máquinas;Mujeres;2013;15.675,68
L Trabajadores cualificados de las industrias manufactureras, excepto operadores de instalaciones y máquinas;Mujeres;2012;15.811,12
L Trabajadores cualificados de las industrias manufactureras, excepto operadores de instalaciones y máquinas;Mujeres;2011;16.242,99
L Trabajadores cualificados de las industrias manufactureras, excepto operadores de instalaciones y máquinas;Mujeres;2010;16.458,95
L Trabajadores cualificados de las industrias manufactureras, excepto operadores de instalaciones y máquinas;Mujeres;2009;14.844,09
L Trabajadores cualificados de las industrias manufactureras, excepto operadores de instalaciones y máquinas;Mujeres;2008;15.297,52
L Trabajadores cualificados de las industrias manufactureras, excepto operadores de instalaciones y máquinas;Hombres;2022;26.400,67
L Trabajadores cualificados de las industrias manufactureras, excepto operadores de instalaciones y máquinas;Hombres;2021;24.755,05
L Trabajadores cualificados de las industrias manufactureras, excepto operadores de instalaciones y máquinas;Hombres;2020;24.104,05
L Trabajadores cualificados de las industrias manufactureras, excepto operadores de instalaciones y máquinas;Hombres;2019;24.405,77
L Trabajadores cualificados de las industrias manufactureras, excepto operadores de instalaciones y máquinas;Hombres;2018;24.564,77
L Trabajadores cualificados de las industrias manufactureras, excepto operadores de instalaciones y máquinas;Hombres;2017;24.122,82
L Trabajadores cualificados de las industrias manufactureras, excepto operadores de instalaciones y máquinas;Hombres;2016;23.476,74
L Trabajadores cualificados de las industrias manufactureras, excepto operadores de instalaciones y máquinas;Hombres;2015;23.217,62
L Trabajadores cualificados de las industrias manufactureras, excepto operadores de instalaciones y máquinas;Hombres;2014;23.194,49
L Trabajadores cualificados de las industrias manufactureras, excepto operadores de instalaciones y máquinas;Hombres;2013;22.682,48
L Trabajadores cualificados de las industrias manufactureras, excepto operadores de instalaciones y máquinas;Hombres;2012;22.720,59
L Trabajadores cualificados de las industrias manufactureras, excepto operadores de instalaciones y máquinas;Hombres;2011;22.879,41
L Trabajadores cualificados de las industrias manufactureras, excepto operadores de instalaciones y máquinas;Hombres;2010;22.717,35
L Trabajadores cualificados de las industrias manufactureras, excepto operadores de instalaciones y máquinas;Hombres;2009;21.844,42
L Trabajadores cualificados de las industrias manufactureras, excepto operadores de instalaciones y máquinas;Hombres;2008;21.925,29
M Operadores de instalaciones y maquinaria fijas, y montadores;Ambos sexos;2022;28.251,07
M Operadores de instalaciones y maquinaria fijas, y montadores;Ambos sexos;2021;27.089,86
M Operadores de instalaciones y maquinaria fijas, y montadores;Ambos sexos;2020;26.416,53
M Operadores de instalaciones y maquinaria fijas, y montadores;Ambos sexos;2019;26.152,28
M Operadores de instalaciones y maquinaria fijas, y montadores;Ambos sexos;2018;26.078,13
M Operadores de instalaciones y maquinaria fijas, y montadores;Ambos sexos;2017;24.194,83
M Operadores de instalaciones y maquinaria fijas, y montadores;Ambos sexos;2016;23.470,74
M Operadores de instalaciones y maquinaria fijas, y montadores;Ambos sexos;2015;23.108,95
M Operadores de instalaciones y maquinaria fijas, y montadores;Ambos sexos;2014;23.404,36
M Operadores de instalaciones y maquinaria fijas, y montadores;Ambos sexos;2013;22.464,69
M Operadores de instalaciones y maquinaria fijas, y montadores;Ambos sexos;2012;21.708,19
M Operadores de instalaciones y maquinaria fijas, y montadores;Ambos sexos;2011;21.707,59
M Operadores de instalaciones y maquinaria fijas, y montadores;Ambos sexos;2010;21.165,13
M Operadores de instalaciones y maquinaria fijas, y montadores;Ambos sexos;2009;20.472,24
M Operadores de instalaciones y maquinaria fijas, y montadores;Ambos sexos;2008;20.768,72
M Operadores de instalaciones y maquinaria fijas, y montadores;Mujeres;2022;21.935,96
M Operadores de instalaciones y maquinaria fijas, y montadores;Mujeres;2021;21.156,18
M Operadores de instalaciones y maquinaria fijas, y montadores;Mujeres;2020;20.483,08
M Operadores de instalaciones y maquinaria fijas, y montadores;Mujeres;2019;20.327,07
M Operadores de instalaciones y maquinaria fijas, y montadores;Mujeres;2018;20.223,23
M Operadores de instalaciones y maquinaria fijas, y montadores;Mujeres;2017;18.831,97
M Operadores de instalaciones y maquinaria fijas, y montadores;Mujeres;2016;18.149,9
M Operadores de instalaciones y maquinaria fijas, y montadores;Mujeres;2015;17.558,23
M Operadores de instalaciones y maquinaria fijas, y montadores;Mujeres;2014;17.763,67
M Operadores de instalaciones y maquinaria fijas, y montadores;Mujeres;2013;17.367,02
M Operadores de instalaciones y maquinaria fijas, y montadores;Mujeres;2012;16.865,14
M Operadores de instalaciones y maquinaria fijas, y montadores;Mujeres;2011;16.647,53
M Operadores de instalaciones y maquinaria fijas, y montadores;Mujeres;2010;16.401,01
M Operadores de instalaciones y maquinaria fijas, y montadores;Mujeres;2009;15.625,68
M Operadores de instalaciones y maquinaria fijas, y montadores;Mujeres;2008;15.750,35
M Operadores de instalaciones y maquinaria fijas, y montadores;Hombres;2022;29.847,5
M Operadores de instalaciones y maquinaria fijas, y montadores;Hombres;2021;28.463,11
M Operadores de instalaciones y maquinaria fijas, y montadores;Hombres;2020;27.884,51
M Operadores de instalaciones y maquinaria fijas, y montadores;Hombres;2019;27.672,25
M Operadores de instalaciones y maquinaria fijas, y montadores;Hombres;2018;27.490,45
M Operadores de instalaciones y maquinaria fijas, y montadores;Hombres;2017;25.930,9
M Operadores de instalaciones y maquinaria fijas, y montadores;Hombres;2016;25.395,99
M Operadores de instalaciones y maquinaria fijas, y montadores;Hombres;2015;25.245,39
M Operadores de instalaciones y maquinaria fijas, y montadores;Hombres;2014;25.316,77
M Operadores de instalaciones y maquinaria fijas, y montadores;Hombres;2013;24.289,43
M Operadores de instalaciones y maquinaria fijas, y montadores;Hombres;2012;23.461,68
M Operadores de instalaciones y maquinaria fijas, y montadores;Hombres;2011;23.570,2
M Operadores de instalaciones y maquinaria fijas, y montadores;Hombres;2010;23.112,6
M Operadores de instalaciones y maquinaria fijas, y montadores;Hombres;2009;22.103,52
M Operadores de instalaciones y maquinaria fijas, y montadores;Hombres;2008;22.480,21
N Conductores y operadores de maquinaria móvil;Ambos sexos;2022;22.996,64
N Conductores y operadores de maquinaria móvil;Ambos sexos;2021;21.488,35
N Conductores y operadores de maquinaria móvil;Ambos sexos;2020;21.078,8
N Conductores y operadores de maquinaria móvil;Ambos sexos;2019;20.661,53
N Conductores y operadores de maquinaria móvil;Ambos sexos;2018;21.359,91
N Conductores y operadores de maquinaria móvil;Ambos sexos;2017;20.374,52
N Conductores y operadores de maquinaria móvil;Ambos sexos;2016;20.009,83
N Conductores y operadores de maquinaria móvil;Ambos sexos;2015;20.048,37
N Conductores y operadores de maquinaria móvil;Ambos sexos;2014;20.131,11
N Conductores y operadores de maquinaria móvil;Ambos sexos;2013;19.934,16
N Conductores y operadores de maquinaria móvil;Ambos sexos;2012;20.051,99
N Conductores y operadores de maquinaria móvil;Ambos sexos;2011;20.157,54
N Conductores y operadores de maquinaria móvil;Ambos sexos;2010;19.786,19
N Conductores y operadores de maquinaria móvil;Ambos sexos;2009;19.971,66
N Conductores y operadores de maquinaria móvil;Ambos sexos;2008;19.677,69
N Conductores y operadores de maquinaria móvil;Mujeres;2022;-19.904,66
N Conductores y operadores de maquinaria móvil;Mujeres;2021;-19.276,73
N Conductores y operadores de maquinaria móvil;Mujeres;2020;-18.923,94
N Conductores y operadores de maquinaria móvil;Mujeres;2019;17.257,64
N Conductores y operadores de maquinaria móvil;Mujeres;2018;-17.992,46
N Conductores y operadores de maquinaria móvil;Mujeres;2017;18.549,15
N Conductores y operadores de maquinaria móvil;Mujeres;2016;16.894,43
N Conductores y operadores de maquinaria móvil;Mujeres;2015;18.010,87
N Conductores y operadores de maquinaria móvil;Mujeres;2014;-17.506,95
N Conductores y operadores de maquinaria móvil;Mujeres;2013;16.785,93
N Conductores y operadores de maquinaria móvil;Mujeres;2012;17.667,87
N Conductores y operadores de maquinaria móvil;Mujeres;2011;17.022,48
N Conductores y operadores de maquinaria móvil;Mujeres;2010;-16.586,47
N Conductores y operadores de maquinaria móvil;Mujeres;2009;-15.873,07
N Conductores y operadores de maquinaria móvil;Mujeres;2008;15.129,51
N Conductores y operadores de maquinaria móvil;Hombres;2022;23.136,9
N Conductores y operadores de maquinaria móvil;Hombres;2021;21.570,16
N Conductores y operadores de maquinaria móvil;Hombres;2020;21.182,11
N Conductores y operadores de maquinaria móvil;Hombres;2019;20.919,98
N Conductores y operadores de maquinaria móvil;Hombres;2018;21.487,48
N Conductores y operadores de maquinaria móvil;Hombres;2017;20.452,19
N Conductores y operadores de maquinaria móvil;Hombres;2016;20.161,12
N Conductores y operadores de maquinaria móvil;Hombres;2015;20.148,64
N Conductores y operadores de maquinaria móvil;Hombres;2014;20.234
N Conductores y operadores de maquinaria móvil;Hombres;2013;20.125,03
N Conductores y operadores de maquinaria móvil;Hombres;2012;20.182,23
N Conductores y operadores de maquinaria móvil;Hombres;2011;20.358,71
N Conductores y operadores de maquinaria móvil;Hombres;2010;19.906,43
N Conductores y operadores de maquinaria móvil;Hombres;2009;20.111,18
N Conductores y operadores de maquinaria móvil;Hombres;2008;19.885,81
O Trabajadores no cualificados en servicios (excepto transportes);Ambos sexos;2022;14.665,4
O Trabajadores no cualificados en servicios (excepto transportes);Ambos sexos;2021;13.874,28
O Trabajadores no cualificados en servicios (excepto transportes);Ambos sexos;2020;13.765,34
O Trabajadores no cualificados en servicios (excepto transportes);Ambos sexos;2019;13.796,53
O Trabajadores no cualificados en servicios (excepto transportes);Ambos sexos;2018;13.065,9
O Trabajadores no cualificados en servicios (excepto transportes);Ambos sexos;2017;12.954,64
O Trabajadores no cualificados en servicios (excepto transportes);Ambos sexos;2016;12.826,4
O Trabajadores no cualificados en servicios (excepto transportes);Ambos sexos;2015;12.700,7
O Trabajadores no cualificados en servicios (excepto transportes);Ambos sexos;2014;12.199,99
O Trabajadores no cualificados en servicios (excepto transportes);Ambos sexos;2013;12.601,53
O Trabajadores no cualificados en servicios (excepto transportes);Ambos sexos;2012;12.819,51
O Trabajadores no cualificados en servicios (excepto transportes);Ambos sexos;2011;12.945,54
O Trabajadores no cualificados en servicios (excepto transportes);Ambos sexos;2010;12.551,5
O Trabajadores no cualificados en servicios (excepto transportes);Ambos sexos;2009;13.454,02
O Trabajadores no cualificados en servicios (excepto transportes);Ambos sexos;2008;13.302,41
O Trabajadores no cualificados en servicios (excepto transportes);Mujeres;2022;13.353,87
O Trabajadores no cualificados en servicios (excepto transportes);Mujeres;2021;12.618,05
O Trabajadores no cualificados en servicios (excepto transportes);Mujeres;2020;12.346,05
O Trabajadores no cualificados en servicios (excepto transportes);Mujeres;2019;12.410,62
O Trabajadores no cualificados en servicios (excepto transportes);Mujeres;2018;11.716,52
O Trabajadores no cualificados en servicios (excepto transportes);Mujeres;2017;11.657,11
O Trabajadores no cualificados en servicios (excepto transportes);Mujeres;2016;11.517,33
O Trabajadores no cualificados en servicios (excepto transportes);Mujeres;2015;11.319,84
O Trabajadores no cualificados en servicios (excepto transportes);Mujeres;2014;10.859,77
O Trabajadores no cualificados en servicios (excepto transportes);Mujeres;2013;11.315,44
O Trabajadores no cualificados en servicios (excepto transportes);Mujeres;2012;11.480,3
O Trabajadores no cualificados en servicios (excepto transportes);Mujeres;2011;11.542,23
O Trabajadores no cualificados en servicios (excepto transportes);Mujeres;2010;11.307,67
O Trabajadores no cualificados en servicios (excepto transportes);Mujeres;2009;11.816,18
O Trabajadores no cualificados en servicios (excepto transportes);Mujeres;2008;11.797,56
O Trabajadores no cualificados en servicios (excepto transportes);Hombres;2022;18.018,35
O Trabajadores no cualificados en servicios (excepto transportes);Hombres;2021;17.109,73
O Trabajadores no cualificados en servicios (excepto transportes);Hombres;2020;17.159,21
O Trabajadores no cualificados en servicios (excepto transportes);Hombres;2019;17.346,84
O Trabajadores no cualificados en servicios (excepto transportes);Hombres;2018;16.478,99
O Trabajadores no cualificados en servicios (excepto transportes);Hombres;2017;16.268,21
O Trabajadores no cualificados en servicios (excepto transportes);Hombres;2016;16.028,07
O Trabajadores no cualificados en servicios (excepto transportes);Hombres;2015;16.539,73
O Trabajadores no cualificados en servicios (excepto transportes);Hombres;2014;15.760,05
O Trabajadores no cualificados en servicios (excepto transportes);Hombres;2013;16.173,09
O Trabajadores no cualificados en servicios (excepto transportes);Hombres;2012;16.558,98
O Trabajadores no cualificados en servicios (excepto transportes);Hombres;2011;16.479,83
O Trabajadores no cualificados en servicios (excepto transportes);Hombres;2010;16.261,58
O Trabajadores no cualificados en servicios (excepto transportes);Hombres;2009;17.550
O Trabajadores no cualificados en servicios (excepto transportes);Hombres;2008;16.704,87
P Peones de la agricultura, pesca, construcción, industrias manufactureras y transportes;Ambos sexos;2022;20.241,79
P Peones de la agricultura, pesca, construcción, industrias manufactureras y transportes;Ambos sexos;2021;18.927,93
P Peones de la agricultura, pesca, construcción, industrias manufactureras y transportes;Ambos sexos;2020;18.521,56
P Peones de la agricultura, pesca, construcción, industrias manufactureras y transportes;Ambos sexos;2019;18.241,14
P Peones de la agricultura, pesca, construcción, industrias manufactureras y transportes;Ambos sexos;2018;18.280,74
P Peones de la agricultura, pesca, construcción, industrias manufactureras y transportes;Ambos sexos;2017;16.725,74
P Peones de la agricultura, pesca, construcción, industrias manufactureras y transportes;Ambos sexos;2016;15.946,65
P Peones de la agricultura, pesca, construcción, industrias manufactureras y transportes;Ambos sexos;2015;16.209,08
P Peones de la agricultura, pesca, construcción, industrias manufactureras y transportes;Ambos sexos;2014;15.772,51
P Peones de la agricultura, pesca, construcción, industrias manufactureras y transportes;Ambos sexos;2013;15.888,96
P Peones de la agricultura, pesca, construcción, industrias manufactureras y transportes;Ambos sexos;2012;15.939,96
P Peones de la agricultura, pesca, construcción, industrias manufactureras y transportes;Ambos sexos;2011;16.053,35
P Peones de la agricultura, pesca, construcción, industrias manufactureras y transportes;Ambos sexos;2010;16.048,15
P Peones de la agricultura, pesca, construcción, industrias manufactureras y transportes;Ambos sexos;2009;15.343,04
P Peones de la agricultura, pesca, construcción, industrias manufactureras y transportes;Ambos sexos;2008;15.328,05
P Peones de la agricultura, pesca, construcción, industrias manufactureras y transportes;Mujeres;2022;17.470,05
P Peones de la agricultura, pesca, construcción, industrias manufactureras y transportes;Mujeres;2021;16.322,02
P Peones de la agricultura, pesca, construcción, industrias manufactureras y transportes;Mujeres;2020;15.966,57
P Peones de la agricultura, pesca, construcción, industrias manufactureras y transportes;Mujeres;2019;16.008,78
P Peones de la agricultura, pesca, construcción, industrias manufactureras y transportes;Mujeres;2018;15.349,84
P Peones de la agricultura, pesca, construcción, industrias manufactureras y transportes;Mujeres;2017;14.449,6
P Peones de la agricultura, pesca, construcción, industrias manufactureras y transportes;Mujeres;2016;13.463,67
P Peones de la agricultura, pesca, construcción, industrias manufactureras y transportes;Mujeres;2015;13.388,34
P Peones de la agricultura, pesca, construcción, industrias manufactureras y transportes;Mujeres;2014;13.050,89
P Peones de la agricultura, pesca, construcción, industrias manufactureras y transportes;Mujeres;2013;13.245,8
P Peones de la agricultura, pesca, construcción, industrias manufactureras y transportes;Mujeres;2012;13.561,04
P Peones de la agricultura, pesca, construcción, industrias manufactureras y transportes;Mujeres;2011;13.410,38
P Peones de la agricultura, pesca, construcción, industrias manufactureras y transportes;Mujeres;2010;13.404,71
P Peones de la agricultura, pesca, construcción, industrias manufactureras y transportes;Mujeres;2009;12.849,44
P Peones de la agricultura, pesca, construcción, industrias manufactureras y transportes;Mujeres;2008;12.893,16
P Peones de la agricultura, pesca, construcción, industrias manufactureras y transportes;Hombres;2022;20.998,67
P Peones de la agricultura, pesca, construcción, industrias manufactureras y transportes;Hombres;2021;19.689,32
P Peones de la agricultura, pesca, construcción, industrias manufactureras y transportes;Hombres;2020;19.279,74
P Peones de la agricultura, pesca, construcción, industrias manufactureras y transportes;Hombres;2019;18.920,61
P Peones de la agricultura, pesca, construcción, industrias manufactureras y transportes;Hombres;2018;19.076,56
P Peones de la agricultura, pesca, construcción, industrias manufactureras y transportes;Hombres;2017;17.518,79
P Peones de la agricultura, pesca, construcción, industrias manufactureras y transportes;Hombres;2016;16.754,26
P Peones de la agricultura, pesca, construcción, industrias manufactureras y transportes;Hombres;2015;17.191,57
P Peones de la agricultura, pesca, construcción, industrias manufactureras y transportes;Hombres;2014;16.672,94
P Peones de la agricultura, pesca, construcción, industrias manufactureras y transportes;Hombres;2013;16.862,51
P Peones de la agricultura, pesca, construcción, industrias manufactureras y transportes;Hombres;2012;16.838,9
P Peones de la agricultura, pesca, construcción, industrias manufactureras y transportes;Hombres;2011;16.923,64
P Peones de la agricultura, pesca, construcción, industrias manufactureras y transportes;Hombres;2010;16.816,67
P Peones de la agricultura, pesca, construcción, industrias manufactureras y transportes;Hombres;2009;15.962,51
P Peones de la agricultura, pesca, construcción, industrias manufactureras y transportes;Hombres;2008;15.914,17
Q Ocupaciones militares;Ambos sexos;2022;..
Q Ocupaciones militares;Ambos sexos;2021;..
Q Ocupaciones militares;Ambos sexos;2020;..
Q Ocupaciones militares;Ambos sexos;2019;..
Q Ocupaciones militares;Ambos sexos;2018;..
Q Ocupaciones militares;Ambos sexos;2017;..
Q Ocupaciones militares;Ambos sexos;2016;..
Q Ocupaciones militares;Ambos sexos;2015;..
Q Ocupaciones militares;Ambos sexos;2014;..
Q Ocupaciones militares;Ambos sexos;2013;..
Q Ocupaciones militares;Ambos sexos;2012;..
Q Ocupaciones militares;Ambos sexos;2011;..
Q Ocupaciones militares;Ambos sexos;2010;..
Q Ocupaciones militares;Ambos sexos;2009;..
Q Ocupaciones militares;Ambos sexos;2008;..
Q Ocupaciones militares;Mujeres;2022;..
Q Ocupaciones militares;Mujeres;2021;..
Q Ocupaciones militares;Mujeres;2020;..
Q Ocupaciones militares;Mujeres;2019;..
Q Ocupaciones militares;Mujeres;2018;..
Q Ocupaciones militares;Mujeres;2017;..
Q Ocupaciones militares;Mujeres;2016;..
Q Ocupaciones militares;Mujeres;2015;..
Q Ocupaciones militares;Mujeres;2014;..
Q Ocupaciones militares;Mujeres;2013;..
Q Ocupaciones militares;Mujeres;2012;..
Q Ocupaciones militares;Mujeres;2011;..
Q Ocupaciones militares;Mujeres;2010;..
Q Ocupaciones militares;Mujeres;2009;..
Q Ocupaciones militares;Mujeres;2008;..
Q Ocupaciones militares;Hombres;2022;..
Q Ocupaciones militares;Hombres;2021;..
Q Ocupaciones militares;Hombres;2020;..
Q Ocupaciones militares;Hombres;2019;..
Q Ocupaciones militares;Hombres;2018;..
Q Ocupaciones militares;Hombres;2017;..
Q Ocupaciones militares;Hombres;2016;..
Q Ocupaciones militares;Hombres;2015;..
Q Ocupaciones militares;Hombres;2014;..
Q Ocupaciones militares;Hombres;2013;..
Q Ocupaciones militares;Hombres;2012;..
Q Ocupaciones militares;Hombres;2011;..
Q Ocupaciones militares;Hombres;2010;..
Q Ocupaciones militares;Hombres;2009;..
Q Ocupaciones militares;Hombres;2008;..
